image,model,fg_fraction,soft_edge_fraction,components,holes,consensus_iou
1816d85d-17c0-4b4c-b96f-6668e38dd868.jpeg,birefnet,0.1848,0.00715,1,2,0.9844
1816d85d-17c0-4b4c-b96f-6668e38dd868.jpeg,birefnet-lite,0.1896,0.00766,1,2,0.978
1816d85d-17c0-4b4c-b96f-6668e38dd868.jpeg,inspyrenet,0.1857,0.01545,1,2,0.9918
1816d85d-17c0-4b4c-b96f-6668e38dd868.jpeg,isnet,0.1876,0.01506,1,2,0.9908
1816d85d-17c0-4b4c-b96f-6668e38dd868.jpeg,u2net,0.1885,0.01328,1,2,0.9861
291e88c5-3d23-4344-af53-e3e865c22165.jpeg,birefnet,0.9182,0.01748,2,3,0.0171
291e88c5-3d23-4344-af53-e3e865c22165.jpeg,birefnet-lite,0.7217,0.05062,1,4,0.0217
291e88c5-3d23-4344-af53-e3e865c22165.jpeg,inspyrenet,0.5996,0.60889,28,31,0.0262
291e88c5-3d23-4344-af53-e3e865c22165.jpeg,isnet,0.0083,0.00692,1,0,0.0141
291e88c5-3d23-4344-af53-e3e865c22165.jpeg,u2net,0.0154,0.08755,3,1,0.026
6b1e313f-64ad-4371-954b-6331f6ad9927.jpeg,birefnet,0.176,0.01507,1,0,0.9871
6b1e313f-64ad-4371-954b-6331f6ad9927.jpeg,birefnet-lite,0.1747,0.01242,1,0,0.9812
6b1e313f-64ad-4371-954b-6331f6ad9927.jpeg,inspyrenet,0.1744,0.01367,1,0,0.9929
6b1e313f-64ad-4371-954b-6331f6ad9927.jpeg,isnet,0.1746,0.02369,1,0,0.9906
6b1e313f-64ad-4371-954b-6331f6ad9927.jpeg,u2net,0.1718,0.02415,1,2,0.9613
6ca04e8a-33ad-4378-9409-122d13513596.jpeg,birefnet,0.3174,0.02104,1,1,0.9663
6ca04e8a-33ad-4378-9409-122d13513596.jpeg,birefnet-lite,0.3286,0.02247,1,0,0.9619
6ca04e8a-33ad-4378-9409-122d13513596.jpeg,inspyrenet,0.2877,0.03867,2,1,0.8707
6ca04e8a-33ad-4378-9409-122d13513596.jpeg,isnet,0.3319,0.02691,1,0,0.9496
6ca04e8a-33ad-4378-9409-122d13513596.jpeg,u2net,0.3293,0.02464,1,0,0.9601
7bcac3f8-131c-4c27-ba72-0c10b69e14e8.jpeg,birefnet,0.6935,0.02474,1,0,0.9936
7bcac3f8-131c-4c27-ba72-0c10b69e14e8.jpeg,birefnet-lite,0.7335,0.0368,2,0,0.9211
7bcac3f8-131c-4c27-ba72-0c10b69e14e8.jpeg,inspyrenet,0.6927,0.0321,2,3,0.9912
7bcac3f8-131c-4c27-ba72-0c10b69e14e8.jpeg,isnet,0.6813,0.25488,5,2,0.9721
7bcac3f8-131c-4c27-ba72-0c10b69e14e8.jpeg,u2net,0.694,0.02587,1,0,0.9899
a4a1cece-21bc-4bc4-b445-2eaa42bb44f1.jpeg,birefnet,0.2961,0.00544,1,0,0.9984
a4a1cece-21bc-4bc4-b445-2eaa42bb44f1.jpeg,birefnet-lite,0.2964,0.00503,1,0,0.9988
a4a1cece-21bc-4bc4-b445-2eaa42bb44f1.jpeg,inspyrenet,0.2972,0.00576,1,0,0.9969
a4a1cece-21bc-4bc4-b445-2eaa42bb44f1.jpeg,isnet,0.2965,0.00502,1,0,0.9989
a4a1cece-21bc-4bc4-b445-2eaa42bb44f1.jpeg,u2net,0.2972,0.01172,1,0,0.9958
a4b9898c-e035-4a8a-9bfb-0b7f969b3c97.jpeg,birefnet,0.2082,0.00953,1,0,0.9931
a4b9898c-e035-4a8a-9bfb-0b7f969b3c97.jpeg,birefnet-lite,0.2086,0.00884,1,0,0.9945
a4b9898c-e035-4a8a-9bfb-0b7f969b3c97.jpeg,inspyrenet,0.2084,0.01042,1,0,0.9949
a4b9898c-e035-4a8a-9bfb-0b7f969b3c97.jpeg,isnet,0.209,0.01404,1,0,0.9927
a4b9898c-e035-4a8a-9bfb-0b7f969b3c97.jpeg,u2net,0.207,0.01106,1,0,0.9932
a96a34f2-9314-4202-9223-83686bc2a47d.jpeg,birefnet,0.2471,0.01823,1,2,0.9873
a96a34f2-9314-4202-9223-83686bc2a47d.jpeg,birefnet-lite,0.2477,0.0172,1,1,0.9881
a96a34f2-9314-4202-9223-83686bc2a47d.jpeg,inspyrenet,0.2465,0.02952,1,3,0.9866
a96a34f2-9314-4202-9223-83686bc2a47d.jpeg,isnet,0.2483,0.12403,2,1,0.9764
a96a34f2-9314-4202-9223-83686bc2a47d.jpeg,u2net,0.2494,0.02101,1,1,0.9783
aaacb98e-57b1-458f-bfe2-f348bcde1ee2.jpeg,birefnet,0.577,0.04056,2,53,0.9893
aaacb98e-57b1-458f-bfe2-f348bcde1ee2.jpeg,birefnet-lite,0.5821,0.03936,2,44,0.9844
aaacb98e-57b1-458f-bfe2-f348bcde1ee2.jpeg,inspyrenet,0.5832,0.059,1,15,0.9816
aaacb98e-57b1-458f-bfe2-f348bcde1ee2.jpeg,isnet,0.0047,0.41514,48,3,0.0082
aaacb98e-57b1-458f-bfe2-f348bcde1ee2.jpeg,u2net,0.5916,0.04958,1,2,0.9698
b4b717b2-c087-43a2-beb3-ba37ad5a9d8b.jpeg,birefnet,0.5699,0.01465,1,0,0.0419
b4b717b2-c087-43a2-beb3-ba37ad5a9d8b.jpeg,birefnet-lite,0.1853,0.02438,4,1,0.1288
b4b717b2-c087-43a2-beb3-ba37ad5a9d8b.jpeg,inspyrenet,0.1203,0.07193,6,3,0.1906
b4b717b2-c087-43a2-beb3-ba37ad5a9d8b.jpeg,isnet,0.0104,0.06387,10,6,0.0832
b4b717b2-c087-43a2-beb3-ba37ad5a9d8b.jpeg,u2net,0.0293,0.04961,2,0,0.1795
eab76f8f-20cf-416e-8c94-235e8762bb4d.jpeg,birefnet,0.3897,0.01576,1,0,0.9969
eab76f8f-20cf-416e-8c94-235e8762bb4d.jpeg,birefnet-lite,0.3919,0.01474,1,0,0.9947
eab76f8f-20cf-416e-8c94-235e8762bb4d.jpeg,inspyrenet,0.3903,0.01376,1,0,0.9975
eab76f8f-20cf-416e-8c94-235e8762bb4d.jpeg,isnet,0.3911,0.02046,1,0,0.9966
eab76f8f-20cf-416e-8c94-235e8762bb4d.jpeg,u2net,0.3898,0.01838,1,0,0.996
brass-bidri-specular-01.jpg,birefnet,0.5942,0.00669,1,0,0.9941
brass-bidri-specular-01.jpg,birefnet-lite,0.5906,0.00809,1,0,0.9961
brass-bidri-specular-01.jpg,inspyrenet,0.5914,0.01146,1,0,0.9969
brass-bidri-specular-01.jpg,isnet,0.5977,0.01807,1,0,0.9869
brass-bidri-specular-01.jpg,u2net,0.5946,0.0214,1,0,0.9916
brass-bidri-specular-02.jpg,birefnet,0.1824,0.0033,1,0,0.9961
brass-bidri-specular-02.jpg,birefnet-lite,0.1823,0.00348,1,0,0.9958
brass-bidri-specular-02.jpg,inspyrenet,0.182,0.00517,1,0,0.9967
brass-bidri-specular-02.jpg,isnet,0.1816,0.00701,1,0,0.9958
brass-bidri-specular-02.jpg,u2net,0.1814,0.00935,1,0,0.9929
brass-bidri-specular-04.jpg,birefnet,0.3722,0.00604,1,0,0.9983
brass-bidri-specular-04.jpg,birefnet-lite,0.3711,0.00694,1,0,0.9969
brass-bidri-specular-04.jpg,inspyrenet,0.3733,0.00905,1,0,0.9957
brass-bidri-specular-04.jpg,isnet,0.3719,0.01082,1,0,0.9982
brass-bidri-specular-04.jpg,u2net,0.3761,0.01881,1,0,0.9877
brass-diya-specular-01.jpg,birefnet,0.3738,0.01251,1,5,0.9971
brass-diya-specular-01.jpg,birefnet-lite,0.3731,0.01264,1,5,0.9969
brass-diya-specular-01.jpg,inspyrenet,0.374,0.0116,1,5,0.9964
brass-diya-specular-01.jpg,isnet,0.3738,0.01224,1,7,0.9965
brass-diya-specular-01.jpg,u2net,0.375,0.03148,1,6,0.9926
brass-diya-specular-02.jpg,birefnet,0.1521,0.0189,1,0,0.4695
brass-diya-specular-02.jpg,birefnet-lite,0.1496,0.00959,1,0,0.5784
brass-diya-specular-02.jpg,inspyrenet,0.0735,0.09058,9,3,0.4913
brass-diya-specular-02.jpg,isnet,0.087,0.05102,1,2,0.7858
brass-diya-specular-02.jpg,u2net,0.0978,0.05149,1,1,0.7569
brass-lamp-specular-01.jpg,birefnet,0.2471,0.00855,1,1,0.9959
brass-lamp-specular-01.jpg,birefnet-lite,0.2467,0.00818,1,1,0.9965
brass-lamp-specular-01.jpg,inspyrenet,0.2477,0.01126,1,1,0.9935
brass-lamp-specular-01.jpg,isnet,0.2481,0.01425,3,2,0.9907
brass-lamp-specular-01.jpg,u2net,0.2482,0.04429,3,1,0.9506
brass-vessel-specular-01.jpg,birefnet,0.286,0.00421,1,0,0.998
brass-vessel-specular-01.jpg,birefnet-lite,0.2862,0.00415,1,0,0.9974
brass-vessel-specular-01.jpg,inspyrenet,0.2863,0.00464,1,0,0.9971
brass-vessel-specular-01.jpg,isnet,0.2855,0.00705,1,0,0.9979
brass-vessel-specular-01.jpg,u2net,0.2853,0.01105,1,0,0.9939
brass-vessel-specular-03.jpg,birefnet,0.2217,0.00405,1,0,0.9981
brass-vessel-specular-03.jpg,birefnet-lite,0.2215,0.004,1,0,0.9984
brass-vessel-specular-03.jpg,inspyrenet,0.222,0.00474,1,0,0.997
brass-vessel-specular-03.jpg,isnet,0.2223,0.00689,2,0,0.9945
brass-vessel-specular-03.jpg,u2net,0.2208,0.01116,1,0,0.9942
pottery-blackware-darkfloor-03.jpg,birefnet,0.2665,0.00702,1,1,0.9966
pottery-blackware-darkfloor-03.jpg,birefnet-lite,0.2663,0.00848,1,1,0.997
pottery-blackware-darkfloor-03.jpg,inspyrenet,0.2668,0.01033,1,1,0.9961
pottery-blackware-darkfloor-03.jpg,isnet,0.2665,0.01489,1,1,0.9955
pottery-blackware-darkfloor-03.jpg,u2net,0.267,0.01677,1,1,0.9927
pottery-blackware-darkfloor-04.jpg,birefnet,0.3662,0.00802,1,1,0.9955
pottery-blackware-darkfloor-04.jpg,birefnet-lite,0.368,0.01094,1,1,0.9938
pottery-blackware-darkfloor-04.jpg,inspyrenet,0.3682,0.01534,1,1,0.993
pottery-blackware-darkfloor-04.jpg,isnet,0.3675,0.05618,1,1,0.9939
pottery-blackware-darkfloor-04.jpg,u2net,0.3664,0.0208,1,1,0.9946
pottery-darkclay-darkfloor-01.jpg,birefnet,0.4477,0.00618,1,0,0.9992
pottery-darkclay-darkfloor-01.jpg,birefnet-lite,0.4475,0.00744,1,0,0.9992
pottery-darkclay-darkfloor-01.jpg,inspyrenet,0.4482,0.00647,1,0,0.9985
pottery-darkclay-darkfloor-01.jpg,isnet,0.4475,0.00785,1,0,0.999
pottery-darkclay-darkfloor-01.jpg,u2net,0.4503,0.01528,1,0,0.9938
pottery-darkclay-darkfloor-02.jpg,birefnet,0.4002,0.00482,1,0,0.9983
pottery-darkclay-darkfloor-02.jpg,birefnet-lite,0.3996,0.00543,1,0,0.9988
pottery-darkclay-darkfloor-02.jpg,inspyrenet,0.3997,0.00842,1,0,0.9988
pottery-darkclay-darkfloor-02.jpg,isnet,0.3997,0.0079,1,0,0.9988
pottery-darkclay-darkfloor-02.jpg,u2net,0.4009,0.01421,1,0,0.9947
pottery-darkclay-darkfloor-04.jpg,birefnet,0.3402,0.00737,1,1,0.9982
pottery-darkclay-darkfloor-04.jpg,birefnet-lite,0.3402,0.00799,1,1,0.9981
pottery-darkclay-darkfloor-04.jpg,inspyrenet,0.3407,0.00998,1,1,0.9972
pottery-darkclay-darkfloor-04.jpg,isnet,0.3403,0.01079,1,1,0.9979
pottery-darkclay-darkfloor-04.jpg,u2net,0.3393,0.0193,1,1,0.9951
pottery-terracotta-darkfloor-01.jpg,birefnet,0.1169,0.00293,1,0,0.9699
pottery-terracotta-darkfloor-01.jpg,birefnet-lite,0.1446,0.0078,3,27,0.7906
pottery-terracotta-darkfloor-01.jpg,inspyrenet,0.1184,0.0117,1,4,0.9659
pottery-terracotta-darkfloor-01.jpg,isnet,0.1152,0.01334,7,0,0.9779
pottery-terracotta-darkfloor-01.jpg,u2net,0.1138,0.01042,1,0,0.967
pottery-terracotta-darkfloor-04.jpg,birefnet,0.3214,0.00524,1,0,0.9976
pottery-terracotta-darkfloor-04.jpg,birefnet-lite,0.3209,0.00573,1,0,0.9985
pottery-terracotta-darkfloor-04.jpg,inspyrenet,0.3212,0.00682,1,0,0.998
pottery-terracotta-darkfloor-04.jpg,isnet,0.3207,0.00682,1,0,0.9983
pottery-terracotta-darkfloor-04.jpg,u2net,0.3196,0.01144,1,0,0.9949
pottery-earthen-sharp-03.jpg,birefnet,0.7022,0.00661,1,0,0.9995
pottery-earthen-sharp-03.jpg,birefnet-lite,0.7022,0.00713,1,0,0.9995
pottery-earthen-sharp-03.jpg,inspyrenet,0.7028,0.00826,1,0,0.9988
pottery-earthen-sharp-03.jpg,isnet,0.7022,0.01212,1,0,0.9994
pottery-earthen-sharp-03.jpg,u2net,0.457,0.01547,1,0,0.6506
pottery-earthen-sharp-04.jpg,birefnet,0.2347,0.00835,1,5,0.9771
pottery-earthen-sharp-04.jpg,birefnet-lite,0.2352,0.00851,1,5,0.9769
pottery-earthen-sharp-04.jpg,inspyrenet,0.24,0.03503,4,12,0.9768
pottery-earthen-sharp-04.jpg,isnet,0.2552,0.01803,2,3,0.9194
pottery-earthen-sharp-04.jpg,u2net,0.2779,0.01194,1,0,0.8454
textile-tassel-fringe-01.jpg,birefnet,0.2717,0.02768,3,54,0.98
textile-tassel-fringe-01.jpg,birefnet-lite,0.2733,0.02837,2,69,0.9812
textile-tassel-fringe-01.jpg,inspyrenet,0.275,0.05541,1,80,0.9801
textile-tassel-fringe-01.jpg,isnet,0.2804,0.04167,12,95,0.9659
textile-tassel-fringe-01.jpg,u2net,0.2948,0.03798,3,5,0.9154
textile-tassel-fringe-02.jpg,birefnet,0.4433,0.03691,16,59,0.9887
textile-tassel-fringe-02.jpg,birefnet-lite,0.4428,0.04049,15,111,0.989
textile-tassel-fringe-02.jpg,inspyrenet,0.4453,0.07057,5,90,0.9879
textile-tassel-fringe-02.jpg,isnet,0.4486,0.04681,10,65,0.9833
textile-tassel-fringe-02.jpg,u2net,0.4469,0.04334,4,15,0.9687
textile-tassel-fringe-03.jpg,birefnet,0.3701,0.02112,7,4,0.9939
textile-tassel-fringe-03.jpg,birefnet-lite,0.3717,0.01806,3,5,0.993
textile-tassel-fringe-03.jpg,inspyrenet,0.3721,0.02857,1,4,0.993
textile-tassel-fringe-03.jpg,isnet,0.372,0.02727,1,5,0.992
textile-tassel-fringe-03.jpg,u2net,0.3609,0.03583,2,2,0.9535
textile-tassel-fringe-04.jpg,birefnet,0.419,0.01209,6,1,0.9967
textile-tassel-fringe-04.jpg,birefnet-lite,0.4182,0.01355,5,3,0.9968
textile-tassel-fringe-04.jpg,inspyrenet,0.4184,0.01998,7,6,0.9964
textile-tassel-fringe-04.jpg,isnet,0.4196,0.01682,1,7,0.9956
textile-tassel-fringe-04.jpg,u2net,0.4197,0.02503,1,1,0.9904
textile-shawl-fringe-03.jpg,birefnet,0.0806,0.02393,8,22,0.329
textile-shawl-fringe-03.jpg,birefnet-lite,0.0933,0.06291,61,64,0.2919
textile-shawl-fringe-03.jpg,inspyrenet,0.0965,0.11481,10,28,0.282
textile-shawl-fringe-03.jpg,isnet,0.0237,0.12874,80,7,0.2659
textile-shawl-fringe-03.jpg,u2net,0.0148,0.07309,3,5,0.1165
textile-dhurrie-patterned-01.jpg,birefnet,0.9599,0.00973,1,0,0.7006
textile-dhurrie-patterned-01.jpg,birefnet-lite,0.9295,0.01226,1,1,0.72
textile-dhurrie-patterned-01.jpg,inspyrenet,0.9562,0.02664,3,6,0.7033
textile-dhurrie-patterned-01.jpg,isnet,0.1558,0.37002,450,135,0.167
textile-dhurrie-patterned-01.jpg,u2net,0.6664,0.22473,3,21,0.7098
textile-blockprint-patterned-03.jpg,birefnet,0.6055,0.0119,1,0,0.9092
textile-blockprint-patterned-03.jpg,birefnet-lite,0.6664,0.00905,1,0,0.9838
textile-blockprint-patterned-03.jpg,inspyrenet,0.6667,0.01151,2,0,0.9838
textile-blockprint-patterned-03.jpg,isnet,0.5528,0.51141,127,1439,0.8274
textile-blockprint-patterned-03.jpg,u2net,0.655,0.0245,1,0,0.9528
textile-pallu-fringe-01.jpg,birefnet,0.4621,0.00764,1,2,0.9888
textile-pallu-fringe-01.jpg,birefnet-lite,0.4606,0.00804,2,1,0.9892
textile-pallu-fringe-01.jpg,inspyrenet,0.4667,0.02365,11,4,0.9783
textile-pallu-fringe-01.jpg,isnet,0.4399,0.30244,26,57,0.941
textile-pallu-fringe-01.jpg,u2net,0.4434,0.03923,3,4,0.9502
textile-pallu-fringe-02.jpg,birefnet,0.3132,0.0091,2,3,0.9859
textile-pallu-fringe-02.jpg,birefnet-lite,0.3075,0.01393,3,6,0.9868
textile-pallu-fringe-02.jpg,inspyrenet,0.3124,0.01797,7,17,0.9872
textile-pallu-fringe-02.jpg,isnet,0.3105,0.01726,5,7,0.9894
textile-pallu-fringe-02.jpg,u2net,0.3106,0.01748,1,1,0.9875
pottery-blackware-darkfloor-01.jpg,birefnet,0.185,0.01158,9,0,0.5379
pottery-blackware-darkfloor-01.jpg,birefnet-lite,0.175,0.01162,9,0,0.5577
pottery-blackware-darkfloor-01.jpg,inspyrenet,0.1518,0.04077,30,8,0.6474
pottery-blackware-darkfloor-01.jpg,isnet,0.1,0.18002,35,8,0.6356
pottery-blackware-darkfloor-01.jpg,u2net,0.0775,0.0433,4,0,0.4255
pottery-earthen-sharp-02.jpg,birefnet,0.3163,0.01862,3,4,0.9692
pottery-earthen-sharp-02.jpg,birefnet-lite,0.2967,0.06221,3,6,0.9246
pottery-earthen-sharp-02.jpg,inspyrenet,0.32,0.03918,2,8,0.9717
pottery-earthen-sharp-02.jpg,isnet,0.3227,0.0452,2,5,0.9702
pottery-earthen-sharp-02.jpg,u2net,0.3237,0.03647,2,2,0.9612
textile-blockprint-patterned-02.jpg,birefnet,0.0857,0.01172,1,4,0.2059
textile-blockprint-patterned-02.jpg,birefnet-lite,0.2583,0.00559,1,0,0.1353
textile-blockprint-patterned-02.jpg,inspyrenet,0.2665,0.15476,29,33,0.1313
textile-blockprint-patterned-02.jpg,isnet,0.1218,0.26632,152,105,0.1668
textile-blockprint-patterned-02.jpg,u2net,0.0248,0.03392,2,1,0.1383
pottery-potter-indoor-01.jpg,birefnet,0.1109,0.00493,1,0,0.7502
pottery-potter-indoor-01.jpg,birefnet-lite,0.0986,0.00411,1,0,0.6794
pottery-potter-indoor-01.jpg,inspyrenet,0.0759,0.02663,2,0,0.6828
pottery-potter-indoor-01.jpg,isnet,0.1114,0.0364,1,0,0.7566
pottery-potter-indoor-01.jpg,u2net,0.1163,0.01512,1,0,0.721
