model,image,ms,peak_vram_mib,fg_fraction,soft_edge_fraction,holes
birefnet,1816d85d-17c0-4b4c-b96f-6668e38dd868.jpeg,1124.0,1615,0.185,0.0072,2
birefnet,291e88c5-3d23-4344-af53-e3e865c22165.jpeg,656.0,1615,0.918,0.0175,3
birefnet,6b1e313f-64ad-4371-954b-6331f6ad9927.jpeg,618.0,1615,0.176,0.0151,0
birefnet,6ca04e8a-33ad-4378-9409-122d13513596.jpeg,616.0,1615,0.317,0.021,1
birefnet,7bcac3f8-131c-4c27-ba72-0c10b69e14e8.jpeg,614.0,1615,0.694,0.0247,0
birefnet,a4a1cece-21bc-4bc4-b445-2eaa42bb44f1.jpeg,631.0,1615,0.296,0.0054,0
birefnet,a4b9898c-e035-4a8a-9bfb-0b7f969b3c97.jpeg,616.0,1615,0.208,0.0095,0
birefnet,a96a34f2-9314-4202-9223-83686bc2a47d.jpeg,616.0,1615,0.247,0.0182,2
birefnet,aaacb98e-57b1-458f-bfe2-f348bcde1ee2.jpeg,616.0,1615,0.577,0.0406,53
birefnet,b4b717b2-c087-43a2-beb3-ba37ad5a9d8b.jpeg,616.0,1615,0.57,0.0146,0
birefnet,eab76f8f-20cf-416e-8c94-235e8762bb4d.jpeg,616.0,1615,0.39,0.0158,0
birefnet,brass-bidri-specular-01.jpg,638.0,1615,0.594,0.0067,0
birefnet,brass-bidri-specular-02.jpg,636.0,1615,0.182,0.0033,0
birefnet,brass-bidri-specular-04.jpg,637.0,1615,0.372,0.006,0
birefnet,brass-diya-specular-01.jpg,640.0,1615,0.374,0.0125,5
birefnet,brass-diya-specular-02.jpg,632.0,1615,0.152,0.0189,0
birefnet,brass-lamp-specular-01.jpg,634.0,1615,0.247,0.0086,1
birefnet,brass-vessel-specular-01.jpg,634.0,1615,0.286,0.0042,0
birefnet,brass-vessel-specular-03.jpg,636.0,1615,0.222,0.004,0
birefnet,pottery-blackware-darkfloor-03.jpg,628.0,1615,0.267,0.007,1
birefnet,pottery-blackware-darkfloor-04.jpg,629.0,1615,0.366,0.008,1
birefnet,pottery-darkclay-darkfloor-01.jpg,636.0,1615,0.448,0.0062,0
birefnet,pottery-darkclay-darkfloor-02.jpg,623.0,1615,0.4,0.0048,0
birefnet,pottery-darkclay-darkfloor-04.jpg,635.0,1615,0.34,0.0074,1
birefnet,pottery-terracotta-darkfloor-01.jpg,611.0,1615,0.117,0.0029,0
birefnet,pottery-terracotta-darkfloor-04.jpg,625.0,1615,0.321,0.0052,0
birefnet,pottery-earthen-sharp-03.jpg,634.0,1615,0.702,0.0066,0
birefnet,pottery-earthen-sharp-04.jpg,636.0,1615,0.235,0.0083,5
birefnet,textile-tassel-fringe-01.jpg,634.0,1615,0.272,0.0277,54
birefnet,textile-tassel-fringe-02.jpg,631.0,1615,0.443,0.0369,59
birefnet,textile-tassel-fringe-03.jpg,633.0,1615,0.37,0.0211,4
birefnet,textile-tassel-fringe-04.jpg,638.0,1615,0.419,0.0121,1
birefnet,textile-shawl-fringe-03.jpg,636.0,1615,0.081,0.0239,22
birefnet,textile-dhurrie-patterned-01.jpg,622.0,1615,0.96,0.0097,0
birefnet,textile-blockprint-patterned-03.jpg,636.0,1615,0.606,0.0119,0
birefnet,textile-pallu-fringe-01.jpg,634.0,1615,0.462,0.0076,2
birefnet,textile-pallu-fringe-02.jpg,632.0,1615,0.313,0.0091,3
birefnet,pottery-blackware-darkfloor-01.jpg,635.0,1615,0.185,0.0116,0
birefnet,pottery-earthen-sharp-02.jpg,628.0,1615,0.316,0.0186,4
birefnet,textile-blockprint-patterned-02.jpg,634.0,1615,0.086,0.0117,4
birefnet,pottery-potter-indoor-01.jpg,632.0,1615,0.111,0.0049,0
birefnet-lite,1816d85d-17c0-4b4c-b96f-6668e38dd868.jpeg,263.0,851,0.19,0.0077,2
birefnet-lite,291e88c5-3d23-4344-af53-e3e865c22165.jpeg,242.0,851,0.722,0.0506,4
birefnet-lite,6b1e313f-64ad-4371-954b-6331f6ad9927.jpeg,240.0,851,0.175,0.0124,0
birefnet-lite,6ca04e8a-33ad-4378-9409-122d13513596.jpeg,239.0,851,0.329,0.0225,0
birefnet-lite,7bcac3f8-131c-4c27-ba72-0c10b69e14e8.jpeg,239.0,851,0.734,0.0368,0
birefnet-lite,a4a1cece-21bc-4bc4-b445-2eaa42bb44f1.jpeg,258.0,851,0.296,0.005,0
birefnet-lite,a4b9898c-e035-4a8a-9bfb-0b7f969b3c97.jpeg,242.0,851,0.209,0.0088,0
birefnet-lite,a96a34f2-9314-4202-9223-83686bc2a47d.jpeg,240.0,851,0.248,0.0172,1
birefnet-lite,aaacb98e-57b1-458f-bfe2-f348bcde1ee2.jpeg,241.0,851,0.582,0.0394,44
birefnet-lite,b4b717b2-c087-43a2-beb3-ba37ad5a9d8b.jpeg,241.0,851,0.185,0.0244,1
birefnet-lite,eab76f8f-20cf-416e-8c94-235e8762bb4d.jpeg,240.0,851,0.392,0.0147,0
birefnet-lite,brass-bidri-specular-01.jpg,263.0,851,0.591,0.0081,0
birefnet-lite,brass-bidri-specular-02.jpg,260.0,851,0.182,0.0035,0
birefnet-lite,brass-bidri-specular-04.jpg,262.0,851,0.371,0.0069,0
birefnet-lite,brass-diya-specular-01.jpg,265.0,851,0.373,0.0126,5
birefnet-lite,brass-diya-specular-02.jpg,257.0,851,0.15,0.0096,0
birefnet-lite,brass-lamp-specular-01.jpg,259.0,851,0.247,0.0082,1
birefnet-lite,brass-vessel-specular-01.jpg,259.0,851,0.286,0.0042,0
birefnet-lite,brass-vessel-specular-03.jpg,260.0,851,0.222,0.004,0
birefnet-lite,pottery-blackware-darkfloor-03.jpg,253.0,851,0.266,0.0085,1
birefnet-lite,pottery-blackware-darkfloor-04.jpg,253.0,851,0.368,0.0109,1
birefnet-lite,pottery-darkclay-darkfloor-01.jpg,261.0,851,0.448,0.0074,0
birefnet-lite,pottery-darkclay-darkfloor-02.jpg,248.0,851,0.4,0.0054,0
birefnet-lite,pottery-darkclay-darkfloor-04.jpg,259.0,851,0.34,0.008,1
birefnet-lite,pottery-terracotta-darkfloor-01.jpg,235.0,851,0.145,0.0078,27
birefnet-lite,pottery-terracotta-darkfloor-04.jpg,249.0,851,0.321,0.0057,0
birefnet-lite,pottery-earthen-sharp-03.jpg,258.0,851,0.702,0.0071,0
birefnet-lite,pottery-earthen-sharp-04.jpg,261.0,851,0.235,0.0085,5
birefnet-lite,textile-tassel-fringe-01.jpg,258.0,851,0.273,0.0284,69
birefnet-lite,textile-tassel-fringe-02.jpg,254.0,851,0.443,0.0405,111
birefnet-lite,textile-tassel-fringe-03.jpg,257.0,851,0.372,0.0181,5
birefnet-lite,textile-tassel-fringe-04.jpg,263.0,851,0.418,0.0135,3
birefnet-lite,textile-shawl-fringe-03.jpg,260.0,851,0.093,0.0629,64
birefnet-lite,textile-dhurrie-patterned-01.jpg,248.0,851,0.929,0.0123,1
birefnet-lite,textile-blockprint-patterned-03.jpg,260.0,851,0.666,0.0091,0
birefnet-lite,textile-pallu-fringe-01.jpg,259.0,851,0.461,0.008,1
birefnet-lite,textile-pallu-fringe-02.jpg,257.0,851,0.307,0.0139,6
birefnet-lite,pottery-blackware-darkfloor-01.jpg,259.0,851,0.175,0.0116,0
birefnet-lite,pottery-earthen-sharp-02.jpg,252.0,851,0.297,0.0622,6
birefnet-lite,textile-blockprint-patterned-02.jpg,258.0,851,0.258,0.0056,0
birefnet-lite,pottery-potter-indoor-01.jpg,256.0,851,0.099,0.0041,0
inspyrenet,1816d85d-17c0-4b4c-b96f-6668e38dd868.jpeg,978.0,2924,0.186,0.0155,2
inspyrenet,291e88c5-3d23-4344-af53-e3e865c22165.jpeg,841.0,2924,0.6,0.6089,31
inspyrenet,6b1e313f-64ad-4371-954b-6331f6ad9927.jpeg,840.0,2924,0.174,0.0137,0
inspyrenet,6ca04e8a-33ad-4378-9409-122d13513596.jpeg,837.0,2924,0.288,0.0387,1
inspyrenet,7bcac3f8-131c-4c27-ba72-0c10b69e14e8.jpeg,838.0,2924,0.693,0.0321,3
inspyrenet,a4a1cece-21bc-4bc4-b445-2eaa42bb44f1.jpeg,874.0,2924,0.297,0.0058,0
inspyrenet,a4b9898c-e035-4a8a-9bfb-0b7f969b3c97.jpeg,839.0,2924,0.208,0.0104,0
inspyrenet,a96a34f2-9314-4202-9223-83686bc2a47d.jpeg,839.0,2924,0.246,0.0295,3
inspyrenet,aaacb98e-57b1-458f-bfe2-f348bcde1ee2.jpeg,839.0,2924,0.583,0.059,15
inspyrenet,b4b717b2-c087-43a2-beb3-ba37ad5a9d8b.jpeg,840.0,2924,0.12,0.0719,3
inspyrenet,eab76f8f-20cf-416e-8c94-235e8762bb4d.jpeg,839.0,2924,0.39,0.0138,0
inspyrenet,brass-bidri-specular-01.jpg,893.0,2924,0.591,0.0115,0
inspyrenet,brass-bidri-specular-02.jpg,884.0,2924,0.182,0.0052,0
inspyrenet,brass-bidri-specular-04.jpg,888.0,2924,0.373,0.0091,0
inspyrenet,brass-diya-specular-01.jpg,896.0,2924,0.374,0.0116,5
inspyrenet,brass-diya-specular-02.jpg,879.0,2924,0.073,0.0906,3
inspyrenet,brass-lamp-specular-01.jpg,883.0,2924,0.248,0.0113,1
inspyrenet,brass-vessel-specular-01.jpg,883.0,2924,0.286,0.0046,0
inspyrenet,brass-vessel-specular-03.jpg,886.0,2924,0.222,0.0047,0
inspyrenet,pottery-blackware-darkfloor-03.jpg,869.0,2924,0.267,0.0103,1
inspyrenet,pottery-blackware-darkfloor-04.jpg,871.0,2924,0.368,0.0153,1
inspyrenet,pottery-darkclay-darkfloor-01.jpg,887.0,2924,0.448,0.0065,0
inspyrenet,pottery-darkclay-darkfloor-02.jpg,856.0,2924,0.4,0.0084,0
inspyrenet,pottery-darkclay-darkfloor-04.jpg,884.0,2924,0.341,0.01,1
inspyrenet,pottery-terracotta-darkfloor-01.jpg,845.0,2924,0.118,0.0117,4
inspyrenet,pottery-terracotta-darkfloor-04.jpg,860.0,2924,0.321,0.0068,0
inspyrenet,pottery-earthen-sharp-03.jpg,880.0,2924,0.703,0.0083,0
inspyrenet,pottery-earthen-sharp-04.jpg,886.0,2924,0.24,0.035,12
inspyrenet,textile-tassel-fringe-01.jpg,879.0,2924,0.275,0.0554,80
inspyrenet,textile-tassel-fringe-02.jpg,871.0,2924,0.445,0.0706,90
inspyrenet,textile-tassel-fringe-03.jpg,878.0,2924,0.372,0.0286,4
inspyrenet,textile-tassel-fringe-04.jpg,888.0,2924,0.418,0.02,6
inspyrenet,textile-shawl-fringe-03.jpg,892.0,2924,0.097,0.1148,28
inspyrenet,textile-dhurrie-patterned-01.jpg,858.0,2924,0.956,0.0266,6
inspyrenet,textile-blockprint-patterned-03.jpg,892.0,2924,0.667,0.0115,0
inspyrenet,textile-pallu-fringe-01.jpg,885.0,2924,0.467,0.0237,4
inspyrenet,textile-pallu-fringe-02.jpg,878.0,2924,0.312,0.018,17
inspyrenet,pottery-blackware-darkfloor-01.jpg,892.0,2924,0.152,0.0408,8
inspyrenet,pottery-earthen-sharp-02.jpg,868.0,2924,0.32,0.0392,8
inspyrenet,textile-blockprint-patterned-02.jpg,886.0,2924,0.267,0.1548,33
inspyrenet,pottery-potter-indoor-01.jpg,879.0,2924,0.076,0.0266,0
u2net,1816d85d-17c0-4b4c-b96f-6668e38dd868.jpeg,351.0,9,0.189,0.0133,2
u2net,291e88c5-3d23-4344-af53-e3e865c22165.jpeg,295.0,9,0.015,0.0876,1
u2net,6b1e313f-64ad-4371-954b-6331f6ad9927.jpeg,285.0,9,0.172,0.0242,2
u2net,6ca04e8a-33ad-4378-9409-122d13513596.jpeg,297.0,9,0.329,0.0246,0
u2net,7bcac3f8-131c-4c27-ba72-0c10b69e14e8.jpeg,296.0,9,0.694,0.0259,0
u2net,a4a1cece-21bc-4bc4-b445-2eaa42bb44f1.jpeg,382.0,9,0.297,0.0117,0
u2net,a4b9898c-e035-4a8a-9bfb-0b7f969b3c97.jpeg,284.0,9,0.207,0.0111,0
u2net,a96a34f2-9314-4202-9223-83686bc2a47d.jpeg,287.0,9,0.249,0.021,1
u2net,aaacb98e-57b1-458f-bfe2-f348bcde1ee2.jpeg,288.0,9,0.592,0.0496,2
u2net,b4b717b2-c087-43a2-beb3-ba37ad5a9d8b.jpeg,287.0,9,0.029,0.0496,0
u2net,eab76f8f-20cf-416e-8c94-235e8762bb4d.jpeg,287.0,9,0.39,0.0184,0
u2net,brass-bidri-specular-01.jpg,348.0,9,0.595,0.0214,0
u2net,brass-bidri-specular-02.jpg,335.0,9,0.181,0.0094,0
u2net,brass-bidri-specular-04.jpg,339.0,9,0.376,0.0188,0
u2net,brass-diya-specular-01.jpg,355.0,9,0.375,0.0315,6
u2net,brass-diya-specular-02.jpg,330.0,9,0.098,0.0515,1
u2net,brass-lamp-specular-01.jpg,335.0,9,0.248,0.0443,1
u2net,brass-vessel-specular-01.jpg,337.0,9,0.285,0.0111,0
u2net,brass-vessel-specular-03.jpg,340.0,9,0.221,0.0112,0
u2net,pottery-blackware-darkfloor-03.jpg,321.0,9,0.267,0.0168,1
u2net,pottery-blackware-darkfloor-04.jpg,322.0,9,0.366,0.0208,1
u2net,pottery-darkclay-darkfloor-01.jpg,338.0,9,0.45,0.0153,0
u2net,pottery-darkclay-darkfloor-02.jpg,315.0,9,0.401,0.0142,0
u2net,pottery-darkclay-darkfloor-04.jpg,340.0,9,0.339,0.0193,1
u2net,pottery-terracotta-darkfloor-01.jpg,295.0,9,0.114,0.0104,0
u2net,pottery-terracotta-darkfloor-04.jpg,322.0,9,0.32,0.0114,0
u2net,pottery-earthen-sharp-03.jpg,330.0,9,0.457,0.0155,0
u2net,pottery-earthen-sharp-04.jpg,336.0,9,0.278,0.0119,0
u2net,textile-tassel-fringe-01.jpg,334.0,9,0.295,0.038,5
u2net,textile-tassel-fringe-02.jpg,321.0,9,0.447,0.0433,15
u2net,textile-tassel-fringe-03.jpg,330.0,9,0.361,0.0358,2
u2net,textile-tassel-fringe-04.jpg,346.0,9,0.42,0.025,1
u2net,textile-shawl-fringe-03.jpg,342.0,9,0.015,0.0731,5
u2net,textile-dhurrie-patterned-01.jpg,315.0,9,0.666,0.2247,21
u2net,textile-blockprint-patterned-03.jpg,341.0,9,0.655,0.0245,0
u2net,textile-pallu-fringe-01.jpg,330.0,9,0.443,0.0392,4
u2net,textile-pallu-fringe-02.jpg,327.0,9,0.311,0.0175,1
u2net,pottery-blackware-darkfloor-01.jpg,336.0,9,0.077,0.0433,0
u2net,pottery-earthen-sharp-02.jpg,316.0,9,0.324,0.0365,2
u2net,textile-blockprint-patterned-02.jpg,343.0,9,0.025,0.0339,1
u2net,pottery-potter-indoor-01.jpg,328.0,9,0.116,0.0151,0
isnet,1816d85d-17c0-4b4c-b96f-6668e38dd868.jpeg,913.8,0,0.1876,0.01506,2
isnet,291e88c5-3d23-4344-af53-e3e865c22165.jpeg,885.5,0,0.0083,0.00692,0
isnet,6b1e313f-64ad-4371-954b-6331f6ad9927.jpeg,908.8,0,0.1746,0.02369,0
isnet,6ca04e8a-33ad-4378-9409-122d13513596.jpeg,878.8,0,0.3319,0.02691,0
isnet,7bcac3f8-131c-4c27-ba72-0c10b69e14e8.jpeg,910.1,0,0.6813,0.25488,2
isnet,a4a1cece-21bc-4bc4-b445-2eaa42bb44f1.jpeg,950.5,0,0.2965,0.00502,0
isnet,a4b9898c-e035-4a8a-9bfb-0b7f969b3c97.jpeg,894.2,0,0.209,0.01404,0
isnet,a96a34f2-9314-4202-9223-83686bc2a47d.jpeg,896.0,0,0.2483,0.12403,1
isnet,aaacb98e-57b1-458f-bfe2-f348bcde1ee2.jpeg,900.8,0,0.0047,0.41514,3
isnet,b4b717b2-c087-43a2-beb3-ba37ad5a9d8b.jpeg,908.0,0,0.0104,0.06387,6
isnet,eab76f8f-20cf-416e-8c94-235e8762bb4d.jpeg,907.5,0,0.3911,0.02046,0
isnet,brass-bidri-specular-01.jpg,955.2,0,0.5977,0.01807,0
isnet,brass-bidri-specular-02.jpg,945.4,0,0.1816,0.00701,0
isnet,brass-bidri-specular-04.jpg,943.5,0,0.3719,0.01082,0
isnet,brass-diya-specular-01.jpg,987.4,0,0.3738,0.01224,7
isnet,brass-diya-specular-02.jpg,916.1,0,0.087,0.05102,2
isnet,brass-lamp-specular-01.jpg,966.0,0,0.2481,0.01425,2
isnet,brass-vessel-specular-01.jpg,968.8,0,0.2855,0.00705,0
isnet,brass-vessel-specular-03.jpg,988.8,0,0.2223,0.00689,0
isnet,pottery-blackware-darkfloor-03.jpg,942.1,0,0.2665,0.01489,1
isnet,pottery-blackware-darkfloor-04.jpg,949.4,0,0.3675,0.05618,1
isnet,pottery-darkclay-darkfloor-01.jpg,955.1,0,0.4475,0.00785,0
isnet,pottery-darkclay-darkfloor-02.jpg,888.5,0,0.3997,0.0079,0
isnet,pottery-darkclay-darkfloor-04.jpg,973.0,0,0.3403,0.01079,1
isnet,pottery-terracotta-darkfloor-01.jpg,1008.5,0,0.1152,0.01334,0
isnet,pottery-terracotta-darkfloor-04.jpg,1028.6,0,0.3207,0.00682,0
isnet,pottery-earthen-sharp-03.jpg,1046.7,0,0.7022,0.01212,0
isnet,pottery-earthen-sharp-04.jpg,1016.1,0,0.2552,0.01803,3
isnet,textile-tassel-fringe-01.jpg,1046.6,0,0.2804,0.04167,95
isnet,textile-tassel-fringe-02.jpg,966.2,0,0.4486,0.04681,65
isnet,textile-tassel-fringe-03.jpg,955.7,0,0.372,0.02727,5
isnet,textile-tassel-fringe-04.jpg,960.6,0,0.4196,0.01682,7
isnet,textile-shawl-fringe-03.jpg,937.3,0,0.0237,0.12874,7
isnet,textile-dhurrie-patterned-01.jpg,937.8,0,0.1558,0.37002,135
isnet,textile-blockprint-patterned-03.jpg,957.5,0,0.5528,0.51141,1439
isnet,textile-pallu-fringe-01.jpg,889.4,0,0.4399,0.30244,57
isnet,textile-pallu-fringe-02.jpg,922.7,0,0.3105,0.01726,7
isnet,pottery-blackware-darkfloor-01.jpg,957.0,0,0.1,0.18002,8
isnet,pottery-earthen-sharp-02.jpg,923.4,0,0.3227,0.0452,5
isnet,textile-blockprint-patterned-02.jpg,946.1,0,0.1218,0.26632,105
isnet,pottery-potter-indoor-01.jpg,942.6,0,0.1114,0.0364,0
